City_ID,City,Country,Lat,Lng,Max Temp,Humidity,Cloudiness,Wind Speed,Current Description
0,Victoria,HK,22.2855,114.1577,71.65,91,100,11.99,overcast clouds
1,Vestmannaeyjar,IS,63.4427,-20.2734,49.19,93,100,12.66,overcast clouds
2,Deogarh,IN,21.5333,84.7333,85.37,63,55,8.1,broken clouds
3,Leh,IN,34.1667,77.5833,50.81,34,51,7.45,broken clouds
4,Barrow,US,71.2906,-156.7887,21.22,86,0,5.75,clear sky
5,Coihaique,CL,-45.5752,-72.0662,45.21,81,0,5.75,clear sky
6,Albany,US,42.6001,-73.9662,78.03,77,82,4.25,broken clouds
7,Cape Town,ZA,-33.9258,18.4232,64.35,70,0,5.01,clear sky
8,Lompoc,US,34.6391,-120.4579,71.92,84,75,8.05,broken clouds
9,Solano,US,38.2333,-121.9511,80.33,50,0,23.02,clear sky
10,Mataura,NZ,-46.1927,168.8643,35.47,98,14,2.93,few clouds
11,Urucui,BR,-7.2294,-44.5561,93.31,39,99,8.19,overcast clouds
12,Upernavik,GL,72.7868,-56.1549,21.58,69,9,3.53,clear sky
13,Mar Del Plata,AR,-38.0023,-57.5575,52.95,87,85,5.01,overcast clouds
14,Qaanaaq,GL,77.484,-69.3632,26.06,56,100,2.64,overcast clouds
15,Tiksi,RU,71.6872,128.8694,0.93,100,79,2.8,broken clouds
16,Ushuaia,AR,-54.8,-68.3,46.06,66,20,3.44,few clouds
17,Punta Arenas,CL,-53.15,-70.9167,44.71,76,0,14.97,clear sky
18,Yellowknife,CA,62.456,-114.3525,46.56,52,100,11.99,overcast clouds
19,Kaeo,NZ,-35.1,173.7833,61.99,92,94,8.66,overcast clouds
20,Jamestown,US,42.097,-79.2353,78.53,64,75,8.05,broken clouds
21,Rio Gallegos,AR,-51.6226,-69.2181,51.85,58,0,16.11,clear sky
22,Mikkeli,FI,61.6886,27.2723,46.51,76,40,9.22,light intensity shower rain
23,Andover,GB,51.2083,-1.4825,64.49,86,100,10.54,overcast clouds
24,Port Alfred,ZA,-33.5906,26.891,63.18,88,28,11.95,scattered clouds
25,Codrington,AU,-38.2667,141.9667,48.22,87,33,12.75,scattered clouds
26,Loralai,PK,30.3705,68.598,78.6,17,0,26.06,clear sky
27,Chokurdakh,RU,70.6333,147.9167,4.64,97,68,5.26,broken clouds
28,Torbay,CA,47.6666,-52.7314,40.26,82,85,17.0,overcast clouds
29,Tondano,ID,1.3038,124.9112,69.89,90,100,2.24,overcast clouds
30,Kavieng,PG,-2.5744,150.7967,81.05,72,100,4.38,overcast clouds
31,Semey,KZ,50.4111,80.2275,61.14,66,78,6.85,broken clouds
32,Narsaq,GL,60.9167,-46.05,46.62,65,48,6.89,scattered clouds
33,Muros,ES,42.7762,-9.0603,67.15,81,97,19.33,overcast clouds
34,Khatanga,RU,71.9667,102.5,31.8,94,100,5.82,overcast clouds
35,Avarua,CK,-21.2078,-159.775,68.05,88,75,2.3,broken clouds
36,Melilla,ES,35.2937,-2.9383,73.78,56,20,13.8,few clouds
37,Adrar,MR,20.5022,-10.0711,104.43,7,10,19.55,clear sky
38,Havoysund,NO,70.9963,24.6622,41.23,97,100,10.22,overcast clouds
39,Amahai,ID,-3.3333,128.9167,78.44,85,83,1.79,broken clouds
40,Nantucket,US,41.2835,-70.0995,68.14,88,100,10.36,overcast clouds
41,Marsh Harbour,BS,26.5412,-77.0636,78.82,72,7,1.52,clear sky
42,Brae,GB,60.3964,-1.353,54.21,74,100,6.24,overcast clouds
43,Delicias,ES,41.6493,-0.9076,84.87,36,20,10.36,few clouds
44,Hermanus,ZA,-34.4187,19.2345,62.8,66,0,9.62,clear sky
45,Annau,TM,37.8876,58.516,76.91,34,5,2.15,clear sky
46,Yukhnov,RU,54.7444,35.2297,48.22,91,90,9.93,light rain
47,Bontang,ID,0.1333,117.5,81.99,78,46,4.56,scattered clouds
48,Letpadan,MM,17.7833,95.75,84.88,71,67,8.12,broken clouds
49,Lagoa,PT,39.05,-27.9833,57.65,83,94,15.14,light rain
50,Thompson,CA,55.7435,-97.8558,34.77,97,100,9.46,light snow
51,Najran,SA,17.4924,44.1277,80.53,8,6,7.61,clear sky
52,Saint-Michel-Des-Saints,CA,46.6834,-73.9159,70.93,85,100,6.78,overcast clouds
53,Nikolskoye,RU,59.7035,30.7861,51.87,66,78,8.43,broken clouds
54,Rikitea,PF,-23.1203,-134.9692,77.09,70,100,16.98,overcast clouds
55,Carnarvon,AU,-24.8667,113.6333,68.85,39,0,13.24,clear sky
56,Nome,US,64.5011,-165.4064,34.16,93,100,11.5,overcast clouds
57,Esperance,AU,-33.8667,121.9,51.64,69,99,6.22,overcast clouds
58,Airai,TL,-8.9266,125.4092,60.4,96,84,1.74,broken clouds
59,Grand Forks,US,47.9417,-97.4337,65.93,36,20,20.71,few clouds
60,Iquique,CL,-20.2208,-70.1431,62.64,64,12,7.38,few clouds
61,Katsuura,JP,35.1333,140.3,63.34,83,100,4.09,light rain
62,Sur,OM,22.5667,59.5289,84.74,59,0,8.08,clear sky
63,New Norfolk,AU,-42.7826,147.0587,50.92,75,63,4.0,broken clouds
64,Chuy,UY,-33.6971,-53.4616,61.74,46,100,9.86,overcast clouds
65,Kautokeino,NO,69.0125,23.0412,35.38,100,100,6.44,overcast clouds
66,Skala,PL,50.2305,19.8536,65.86,37,0,6.91,clear sky
67,Annaberg-Buchholz,DE,50.5795,13.0063,67.69,51,7,5.01,clear sky
68,Skjervoy,NO,70.0311,20.9714,41.0,98,100,17.63,overcast clouds
69,Saskylakh,RU,71.9167,114.0833,33.55,99,100,6.49,light snow
70,Hobart,AU,-42.8794,147.3294,51.26,74,50,17.27,scattered clouds
71,Kota,IN,25.1833,75.8333,98.71,16,5,9.8,clear sky
72,Ponta Do Sol,PT,32.6667,-17.1,74.03,64,54,8.08,broken clouds
73,Busselton,AU,-33.65,115.3333,53.49,80,76,5.57,broken clouds
74,Arraial Do Cabo,BR,-22.9661,-42.0278,78.66,69,75,12.66,broken clouds
75,Saint-Philippe,RE,-21.3585,55.7679,72.99,79,36,10.07,scattered clouds
76,Kahului,US,20.8947,-156.47,76.84,68,20,14.0,few clouds
77,Hithadhoo,MV,-0.6,73.0833,83.73,70,87,10.51,overcast clouds
78,Trincomalee,LK,8.5711,81.2335,82.65,74,99,19.93,overcast clouds
79,East London,ZA,-33.0153,27.9116,65.14,84,2,12.17,clear sky
80,Mattru,SL,7.6244,-11.8332,87.51,65,94,7.02,overcast clouds
81,Norman Wells,CA,65.282,-126.8329,35.64,80,75,8.05,broken clouds
82,Bluff,NZ,-46.6,168.3333,35.8,86,16,7.54,few clouds
83,Bambanglipuro,ID,-7.95,110.2833,78.96,86,79,1.41,broken clouds
84,Dikson,RU,73.5069,80.5464,32.02,99,100,8.79,overcast clouds
85,Nichinan,JP,31.6,131.3667,56.64,84,100,0.76,overcast clouds
86,Atuona,PF,-9.8,-139.0333,78.04,78,14,18.61,light rain
87,Wamba,NG,8.9333,8.6,92.55,38,69,6.87,broken clouds
88,Pevek,RU,69.7008,170.3133,13.03,93,100,3.65,overcast clouds
89,Cidreira,BR,-30.1811,-50.2056,64.89,87,98,13.4,overcast clouds
90,Dakar,SN,14.6937,-17.4441,85.08,77,3,9.15,clear sky
91,Cuenca,EC,-2.8833,-78.9833,56.64,96,98,2.48,light rain
92,Bredasdorp,ZA,-34.5322,20.0403,56.91,91,0,6.26,clear sky
93,Broken Hill,AU,-31.95,141.4333,56.39,52,0,5.84,clear sky
94,Vaini,TO,-21.2,-175.2,68.16,83,20,5.75,few clouds
95,Puerto Ayora,EC,-0.7393,-90.3518,84.16,91,58,1.01,broken clouds
96,Kirakira,SB,-10.4544,161.9205,77.9,85,87,5.91,overcast clouds
97,Tuburan,PH,6.6439,122.2736,81.27,81,97,2.55,overcast clouds
98,Kirillov,RU,59.863,38.3813,48.29,79,100,5.91,overcast clouds
99,Saint-Pierre,RE,-21.3393,55.4781,71.91,73,0,8.05,clear sky
100,Harindanga,IN,22.0383,88.3214,86.02,75,64,20.6,broken clouds
101,Georgetown,MY,5.4112,100.3354,82.33,94,20,0.0,few clouds
102,Oistins,BB,13.0667,-59.5333,84.29,74,75,21.85,broken clouds
103,Avera,US,33.194,-82.5271,83.37,46,100,4.72,overcast clouds
104,Lithakia,GR,37.7167,20.8333,74.48,60,20,2.3,few clouds
105,Finschhafen,PG,-6.6024,147.8681,80.55,83,85,11.05,heavy intensity rain
106,Raha,IN,26.2333,92.5167,78.08,85,100,2.91,overcast clouds
107,Rovaniemi,FI,66.5,25.7167,47.61,66,100,6.91,overcast clouds
108,Constitucion,CL,-35.3333,-72.4167,64.17,43,76,4.5,broken clouds
109,Cherskiy,RU,68.75,161.3,21.0,91,100,4.09,overcast clouds
110,Rawson,AR,-43.3002,-65.1023,53.83,62,17,20.78,few clouds
111,Lima,PE,-12.0432,-77.0282,62.85,77,100,5.75,overcast clouds
112,Salvador,SV,13.8333,-88.9167,88.05,26,69,2.89,broken clouds
113,Leningradskiy,RU,69.3833,178.4167,17.51,93,99,5.3,overcast clouds
114,Lebu,CL,-37.6167,-73.65,57.51,44,100,2.91,overcast clouds
115,Port Macquarie,AU,-31.4333,152.9167,65.89,93,96,4.52,overcast clouds
116,Tsogni,GA,-2.7942,10.0988,78.26,87,93,6.44,light rain
117,Camana,PE,-16.6228,-72.7111,69.76,70,30,10.6,scattered clouds
118,Bukama,CD,-9.2,25.85,74.71,55,8,3.02,clear sky
119,Walvis Bay,NA,-22.9575,14.5053,76.15,38,0,3.44,clear sky
120,Kruisfontein,ZA,-34.0033,24.7314,63.88,86,1,5.55,clear sky
121,Girne,CY,35.3417,33.3167,69.35,82,0,21.41,clear sky
122,Nabire,ID,-3.3667,135.4833,75.85,91,99,2.37,overcast clouds
123,Russell,US,32.3502,-85.1999,86.97,57,75,0.0,broken clouds
124,Alofi,NU,-19.0595,-169.9187,62.49,94,100,0.0,overcast clouds
125,Bethel,US,41.3712,-73.414,77.43,73,75,9.22,broken clouds
126,Kushmurun,KZ,52.4503,64.6311,56.3,90,100,9.73,light rain
127,Grindavik,IS,63.8424,-22.4338,55.35,93,100,21.85,overcast clouds
128,Tuktoyaktuk,CA,69.4541,-133.0374,28.4,93,100,14.97,light snow
129,Cao Bang,VN,22.6667,106.25,65.1,74,96,5.17,overcast clouds
130,Camacha,PT,33.0833,-16.3333,71.02,53,0,8.05,clear sky
131,Half Moon Bay,US,37.4636,-122.4286,70.88,81,100,20.71,fog
132,Alice Springs,AU,-23.7,133.8833,60.35,59,75,4.61,broken clouds
133,Nuuk,GL,64.1835,-51.7216,29.01,64,0,11.5,clear sky
134,Kloulklubed,PW,7.0419,134.2556,73.9,73,15,2.89,few clouds
135,Ilulissat,GL,69.2167,-51.1,26.62,43,5,5.75,clear sky
136,Tambun,ID,-6.2641,107.0712,78.69,83,100,1.95,overcast clouds
137,Surok,RU,56.4469,48.1214,47.89,85,90,4.05,overcast clouds
138,Harper,LR,4.375,-7.7169,82.65,80,96,7.43,light rain
139,Margherita,IN,27.2833,95.6833,72.45,97,100,1.95,overcast clouds
140,Ilebo,CD,-4.3167,20.5833,80.74,58,74,2.13,broken clouds
141,Butaritari,KI,3.0707,172.7902,80.55,77,3,8.43,light rain
142,Severo-Kurilsk,RU,50.6789,156.125,36.88,98,100,15.14,moderate rain
143,Nenjiang,CN,49.1833,125.2167,42.17,33,52,5.41,broken clouds
144,Longyearbyen,SJ,78.2186,15.6401,30.04,74,75,3.44,broken clouds
145,Tarkwa,GH,5.3064,-1.9847,84.36,72,63,7.54,light rain
146,Mackay,AU,-21.15,149.2,67.68,86,0,6.15,clear sky
147,Ligaya,PH,12.6599,120.8923,78.89,88,100,3.36,light rain
148,Kavaratti,IN,10.5669,72.642,80.51,85,100,16.64,overcast clouds
149,Lucapa,AO,-8.4192,20.7447,74.1,45,45,4.14,scattered clouds
150,Takoradi,GH,4.8845,-1.7554,83.26,73,30,8.48,scattered clouds
151,Honiara,SB,-9.4333,159.95,76.68,87,25,3.51,scattered clouds
152,Meulaboh,ID,4.1363,96.1285,75.63,89,100,8.63,overcast clouds
153,Awjilah,LY,29.1081,21.2869,83.53,21,0,8.32,clear sky
154,Maholi,IN,27.6667,80.4667,94.84,19,0,7.49,clear sky
155,Awbari,LY,26.5921,12.7805,84.43,11,0,10.54,clear sky
156,Bengkulu,ID,-3.8004,102.2655,77.45,92,100,2.91,overcast clouds
157,Jinchang,CN,38.4953,102.1739,52.75,16,2,6.08,clear sky
158,Jalu,LY,29.0331,21.5482,83.57,20,0,7.94,clear sky
159,Dorado,PR,18.4588,-66.2677,88.47,78,75,16.11,broken clouds
160,Kandrian,PG,-6.2167,149.55,77.22,88,66,6.06,broken clouds
161,Konya,TR,38.1667,32.5,51.28,71,91,13.56,overcast clouds
162,Nioro,GM,13.35,-15.75,109.36,9,1,13.56,clear sky
163,Puerto Narino,CO,-3.7703,-70.3831,73.72,100,100,2.55,moderate rain
164,Sao Lourenco,BR,-22.1164,-45.0544,63.77,93,100,5.3,overcast clouds
165,Berehove,UA,48.2056,22.6442,64.99,71,23,5.64,few clouds
166,Hamilton,US,39.1834,-84.5333,84.22,53,0,4.0,clear sky
167,Vredendal,ZA,-31.6683,18.5012,70.65,21,0,10.71,clear sky
168,Tasiilaq,GL,65.6145,-37.6368,32.16,96,100,25.86,snow
169,Venado Tuerto,AR,-33.7456,-61.9688,62.76,25,7,14.03,clear sky
170,Jumla,NP,29.2747,82.1838,55.58,76,43,4.0,scattered clouds
171,Mae Hong Son,TH,19.3003,97.9685,77.68,80,40,1.59,scattered clouds
172,Abu Kamal,SY,34.4506,40.9171,93.81,14,65,17.96,broken clouds
173,Maceio,BR,-9.6658,-35.7353,83.64,69,75,10.36,broken clouds
174,Vardo,NO,70.3705,31.1107,39.18,87,75,8.05,broken clouds
175,Faanui,PF,-16.4833,-151.75,80.29,63,21,6.78,few clouds
176,Baleshwar,IN,21.4942,86.9317,86.86,67,63,20.8,broken clouds
177,Hasaki,JP,35.7333,140.8333,59.29,81,100,10.47,light rain
178,Moscow,RU,55.7522,37.6156,55.83,57,89,9.26,light rain
179,Taltal,CL,-25.4,-70.4833,63.7,71,13,4.36,few clouds
180,Kapaa,US,22.0752,-159.319,75.52,93,75,13.8,broken clouds
181,Port Elizabeth,ZA,-33.918,25.5701,66.09,90,0,1.99,clear sky
182,Tacoronte,ES,28.4769,-16.4102,70.12,61,0,9.22,clear sky
183,Bubaque,GW,11.2833,-15.8333,79.88,79,89,17.34,overcast clouds
184,Sayyan,YE,15.1718,44.3244,68.34,12,4,8.5,clear sky
185,Pisco,PE,-13.7,-76.2167,64.45,82,100,5.75,mist
186,Balabagan,PH,7.5264,124.1142,77.77,84,100,3.47,overcast clouds
187,Sao Filipe,CV,14.8961,-24.4956,79.21,63,58,7.99,broken clouds
188,Wassenberg,DE,51.1,6.15,80.4,34,96,5.64,overcast clouds
189,Chimbote,PE,-9.0853,-78.5783,68.7,72,45,10.11,scattered clouds
190,Santa Helena De Goias,BR,-17.8136,-50.5969,86.52,41,20,4.18,few clouds
191,Buluang,PH,13.3068,123.3425,77.95,89,100,5.1,overcast clouds
192,Berlevag,NO,70.8578,29.0864,39.2,87,100,12.66,overcast clouds
193,Mnogovershinnyy,RU,53.9353,139.9242,29.21,96,100,8.12,light snow
194,Gorontalo,ID,0.5412,123.0595,77.41,95,79,1.3,broken clouds
195,Bandarbeyla,SO,9.4942,50.8122,82.69,83,10,25.68,clear sky
196,Beringovskiy,RU,63.05,179.3167,38.1,75,97,7.52,overcast clouds
197,Husavik,IS,66.0449,-17.3389,52.12,73,87,2.48,overcast clouds
198,Port Maria,JM,18.3685,-76.8895,88.05,81,90,14.16,overcast clouds
199,Canyon,US,34.9803,-101.9188,89.04,13,0,16.04,clear sky
200,Hobyo,SO,5.3505,48.5268,81.66,75,19,17.25,light rain
201,Hornepayne,CA,49.2138,-84.7705,63.25,38,16,15.35,few clouds
202,Waregem,BE,50.8811,3.4026,81.37,25,84,10.0,broken clouds
203,Derzhavinsk,KZ,51.1,66.3167,59.59,71,96,8.19,overcast clouds
204,Sawakin,SD,19.1059,37.3321,89.64,43,0,2.84,clear sky
205,Gat,IL,31.61,34.7642,69.82,1,0,6.71,clear sky
206,Hambantota,LK,6.1241,81.1185,80.04,83,90,14.56,overcast clouds
207,Luderitz,NA,-26.6481,15.1594,68.85,39,33,6.35,scattered clouds
208,Nanortalik,GL,60.1432,-45.2371,31.48,71,54,9.51,broken clouds
209,Oswego,US,43.4501,-76.1497,80.53,70,73,8.7,broken clouds
210,Ransang,PH,8.9603,117.5828,79.43,86,80,1.92,broken clouds
211,Presidencia Roque Saenz Pena,AR,-26.7852,-60.4388,69.75,48,0,10.33,clear sky
212,Souillac,MU,-20.5167,57.5167,73.78,94,40,5.75,light rain
213,Ulaangom,MN,49.9811,92.0667,59.05,20,83,2.08,broken clouds
214,Cabo San Lucas,MX,22.8909,-109.9124,92.5,37,0,6.91,clear sky
215,Bereda,ES,43.2686,-7.5406,70.41,57,100,8.1,overcast clouds
216,Bambous Virieux,MU,-20.3428,57.7575,73.65,94,40,5.75,light rain
217,Rocha,UY,-34.4833,-54.3333,60.33,46,85,13.2,overcast clouds
218,Klaksvik,FO,62.2266,-6.589,50.92,89,100,10.29,overcast clouds
219,Provideniya,RU,64.3833,-173.3,35.19,74,51,8.41,broken clouds
220,Ampanihy,MG,-24.7,44.75,68.86,74,0,12.55,clear sky
221,Murray Bridge,AU,-35.1167,139.2667,58.12,81,29,7.02,scattered clouds
222,Kholmogory,RU,64.2229,41.656,56.71,61,90,9.51,overcast clouds
223,Bathsheba,BB,13.2167,-59.5167,84.81,74,75,21.85,broken clouds
224,Oda,JP,35.1833,132.5,54.32,81,98,3.29,overcast clouds
225,Paita,PE,-5.0892,-81.1144,71.24,71,89,11.88,overcast clouds
226,Coquimbo,CL,-29.9533,-71.3436,56.93,76,100,6.91,overcast clouds
227,Hilo,US,19.7297,-155.09,75.27,92,100,9.22,light rain
228,Tezu,IN,27.9167,96.1667,71.35,98,100,3.87,overcast clouds
229,Doha,QA,25.2867,51.5333,85.98,39,0,3.44,clear sky
230,Tilichiki,RU,60.4667,166.1,32.32,97,100,3.67,overcast clouds
231,Sobolevo,RU,54.4299,31.8996,48.54,75,70,7.38,broken clouds
232,Varhaug,NO,58.6147,5.6457,57.85,77,100,16.02,overcast clouds
233,Dingle,PH,10.9995,122.6711,77.45,86,95,0.58,overcast clouds
234,San Patricio,US,28.017,-97.5169,90.07,39,3,10.04,clear sky
235,Lavrentiya,RU,65.5833,-171.0,30.11,88,73,9.42,broken clouds
236,Ozinki,RU,51.1786,49.6769,51.57,88,79,7.25,broken clouds
237,Xiaoshan,CN,30.1675,120.2588,61.84,67,0,8.95,clear sky
238,Coleraine,GB,55.1333,-6.6667,64.31,81,58,14.65,broken clouds
239,Ferme-Neuve,CA,46.7001,-75.4493,72.45,74,100,7.9,moderate rain
240,Nakhon Si Thammarat,TH,8.25,100.0,78.06,93,99,4.18,overcast clouds
241,Durban,ZA,-29.8579,31.0292,69.03,89,5,1.99,clear sky
242,Moron,AR,-34.6534,-58.6198,59.95,39,1,12.84,clear sky
243,Marienburg,PL,54.0359,19.0266,60.87,73,16,7.47,few clouds
244,Xining,CN,36.6167,101.7667,37.72,79,83,1.3,broken clouds
245,Carlsbad,US,33.1581,-117.3506,93.56,50,0,6.91,clear sky
246,Haines Junction,CA,60.7522,-137.5108,40.95,70,92,4.61,overcast clouds
247,Pochutla,MX,15.7432,-96.4661,91.81,45,34,7.87,scattered clouds
248,Kenora,CA,49.8167,-94.4337,49.17,66,100,11.01,overcast clouds
249,Haapiti,PF,-17.5667,-149.8667,76.73,73,29,9.51,moderate rain
250,Karpogory,RU,64.0019,44.4451,55.65,64,39,9.84,scattered clouds
251,Ritchie,ZA,-29.038,24.6028,56.41,22,0,8.57,clear sky
252,Namibe,AO,-15.1961,12.1522,72.66,68,2,11.77,clear sky
253,Ati,TD,13.2154,18.3353,96.66,27,99,7.49,light rain
254,Whitehorse,CA,60.7161,-135.0538,41.09,68,20,13.8,few clouds
255,Hami,CN,42.8,93.45,70.92,6,44,10.0,scattered clouds
256,Copiapo,CL,-27.3667,-70.3333,58.69,29,0,5.28,clear sky
257,Denpasar,ID,-8.65,115.2167,80.26,88,20,3.44,few clouds
258,Bahia Blanca,AR,-38.7196,-62.2724,55.11,61,80,17.13,broken clouds
259,Lenger,KZ,42.183,69.8839,63.84,74,9,7.38,clear sky
260,Santa Maria,BR,-29.6842,-53.8069,57.29,97,98,8.84,overcast clouds
261,Barranca,PE,-10.75,-77.7667,67.37,69,61,8.61,broken clouds
262,Sault Sainte Marie,CA,46.5168,-84.3333,70.09,30,0,13.8,clear sky
263,Aklavik,CA,68.2191,-135.0107,28.4,86,100,5.75,overcast clouds
264,Sorland,NO,67.667,12.6934,42.66,81,98,24.76,overcast clouds
265,Qostanay,KZ,53.1667,63.5833,59.29,77,75,8.95,broken clouds
266,Tonantins,BR,-2.8731,-67.8022,79.48,93,100,3.38,moderate rain
267,Vanderhoof,CA,54.0166,-124.0198,50.23,68,94,6.06,overcast clouds
268,Valparaiso,CL,-33.0393,-71.6273,61.03,77,100,9.22,mist
269,Sitka,US,57.0531,-135.33,46.29,76,100,10.36,overcast clouds
270,Gemunden,DE,50.05,9.7,76.59,61,91,3.15,overcast clouds
271,Ojinaga,MX,29.5667,-104.4167,96.57,29,0,0.0,clear sky
272,Znamenskoye,RU,57.1281,73.8282,55.15,53,52,5.44,broken clouds
273,Kendari,ID,-3.945,122.4989,77.52,88,58,2.06,broken clouds
274,Bridgend,GB,51.5058,-3.5772,61.0,89,100,8.01,overcast clouds
275,Yarmouth,US,41.7057,-70.2286,75.67,82,40,9.22,scattered clouds
276,Daru,PG,-9.0763,143.2092,76.77,81,9,4.9,clear sky
277,Kaitangata,NZ,-46.2817,169.8464,41.86,94,11,3.11,few clouds
278,Mikuni,JP,36.2171,136.1519,51.71,74,100,3.76,overcast clouds
279,Kapoeta,SS,4.7717,33.5903,87.15,35,88,12.12,overcast clouds
280,Cockburn Town,TC,21.4612,-71.1419,79.25,80,81,19.8,broken clouds
281,Goderich,CA,43.7501,-81.7165,64.72,77,82,5.75,broken clouds
282,San Cristobal,VE,7.7669,-72.225,84.38,51,99,8.12,overcast clouds
283,Castro,BR,-24.7911,-50.0119,58.46,94,100,6.76,overcast clouds
284,Great Yarmouth,GB,52.6083,1.7305,62.46,83,100,13.69,overcast clouds
285,Lahij,YE,13.1667,44.5833,85.23,31,0,2.55,clear sky
286,Ahuimanu,US,21.4447,-157.8378,76.35,75,40,5.75,scattered clouds
287,Grand Gaube,MU,-20.0064,57.6608,73.8,81,21,4.0,few clouds
288,Imeni Poliny Osipenko,RU,52.4201,136.4853,36.03,95,100,12.48,light rain
289,Bilgi,IN,16.35,75.6167,84.45,55,100,21.09,overcast clouds
290,Caravelas,BR,-17.7125,-39.2481,79.93,55,73,7.49,broken clouds
291,Saint George,US,37.1041,-113.5841,85.78,12,0,1.99,clear sky
292,Cravo Norte,CO,6.3017,-70.2041,91.98,46,100,9.82,overcast clouds
293,Ismailia,EG,30.6043,32.2723,69.69,53,0,13.94,clear sky
294,Katangli,RU,51.7102,143.2326,31.33,92,96,6.89,overcast clouds
295,Saint-Augustin,CA,51.226,-58.6502,45.86,54,82,9.91,broken clouds
296,Nelson Bay,AU,-32.7167,152.15,66.0,98,35,12.57,scattered clouds
297,Guerrero Negro,MX,27.9769,-114.0611,72.0,51,32,11.3,scattered clouds
298,Kodiak,US,57.79,-152.4072,49.51,43,0,6.91,clear sky
299,Koulikoro,ML,14.0,-7.75,103.64,4,40,9.75,scattered clouds
300,Gwanda,ZW,-20.9333,29.0,67.68,59,82,12.5,broken clouds
301,Firovo,RU,57.4814,33.7021,48.4,67,93,9.78,overcast clouds
302,Clyde River,CA,70.4692,-68.5914,28.63,80,75,10.36,broken clouds
303,Alta Floresta,BR,-9.8756,-56.0861,94.82,49,40,4.61,scattered clouds
304,Mabaruma,GY,8.2,-59.7833,75.85,98,100,3.18,overcast clouds
305,Humaita,BR,-7.5061,-63.0208,89.8,60,99,2.98,overcast clouds
306,Homer,US,59.6425,-151.5483,47.77,60,0,8.05,clear sky
307,Yaan,NG,7.3833,8.5667,88.72,58,95,1.63,overcast clouds
308,Uong Bi,VN,21.0333,106.7833,69.78,85,100,4.9,overcast clouds
309,Kannur,IN,11.8675,75.3576,79.3,87,100,5.93,moderate rain
310,Portland,US,45.5234,-122.6762,65.75,78,100,3.44,overcast clouds
311,Porangatu,BR,-13.4408,-49.1486,93.2,31,41,4.72,scattered clouds
312,Cherkasskoye,RU,52.4333,47.2167,48.99,90,91,5.23,overcast clouds
313,Urubicha,BO,-15.3833,-62.95,81.37,61,42,4.99,scattered clouds
314,Quarai,BR,-30.3875,-56.4514,62.83,49,13,15.35,few clouds
315,Crib Point,AU,-38.35,145.2,58.64,71,53,19.95,broken clouds
316,Touros,BR,-5.1989,-35.4608,85.05,65,100,11.88,overcast clouds
317,Puerto Baquerizo Moreno,EC,-0.9,-89.6,79.79,69,40,16.11,scattered clouds
318,Mao,ES,39.8885,4.2658,73.96,49,0,10.36,clear sky
319,Yatou,CN,37.15,122.3833,52.43,83,13,9.17,few clouds
320,Mount Gambier,AU,-37.8333,140.7667,54.05,70,44,13.73,scattered clouds
321,Conde,BR,-7.2597,-34.9075,83.66,74,75,11.5,broken clouds
322,Korla,CN,41.7597,86.1469,74.89,20,95,4.92,overcast clouds
323,Albina,SR,5.5,-54.05,80.53,91,97,4.32,overcast clouds
324,Quatre Cocos,MU,-20.2078,57.7625,73.51,81,31,9.73,scattered clouds
325,Salina,US,38.8403,-97.6114,75.02,62,75,16.11,broken clouds
326,Iqaluit,CA,63.7506,-68.5145,26.33,73,20,16.11,few clouds
327,Kota Kinabalu,MY,5.9749,116.0724,79.88,89,20,5.99,few clouds
328,Igrim,RU,63.1906,64.4162,46.94,90,78,5.64,broken clouds
329,Laguna,US,38.421,-121.4238,84.02,50,0,6.91,clear sky
330,Hofn,IS,64.2539,-15.2082,47.26,88,100,1.74,overcast clouds
331,Veraval,IN,20.9,70.3667,83.79,78,0,13.38,clear sky
332,Itarema,BR,-2.9248,-39.9167,83.79,75,93,14.23,overcast clouds
333,Kijang,KR,35.2442,129.2139,56.93,63,100,4.29,overcast clouds
334,Batagay-Alyta,RU,67.8006,130.4114,0.77,96,56,6.38,broken clouds
335,Tulln,AT,48.3283,16.0586,77.04,45,20,6.91,few clouds
336,Belaya Gora,RU,68.5333,146.4167,20.46,93,99,9.46,overcast clouds
337,Vila Franca Do Campo,PT,37.7167,-25.4333,68.2,73,99,17.94,overcast clouds
338,San Jeronimo,PE,-11.9472,-75.2829,62.53,45,31,2.33,scattered clouds
339,College,US,64.8569,-147.8028,46.2,56,75,14.97,broken clouds
340,Hurricane,US,37.1753,-113.2899,91.74,10,25,3.62,scattered clouds
341,Salalah,OM,17.0151,54.0924,86.09,58,2,5.75,clear sky
342,Kuressaare,EE,58.2481,22.5039,52.95,53,0,15.99,clear sky
343,Bam,IR,29.106,58.357,75.85,14,0,7.54,clear sky
344,Antofagasta,CL,-23.65,-70.4,63.68,62,24,6.67,few clouds
345,Dolores,AR,-36.3132,-57.6792,57.11,44,2,15.61,clear sky
346,Epe,NG,6.5841,3.9834,84.9,70,95,9.57,overcast clouds
347,Nakhon Thai,TH,17.1006,100.8374,80.49,77,83,1.34,broken clouds
348,Oranjemund,NA,-28.55,16.4333,66.47,43,0,9.6,clear sky
349,Ugoofaaru,MV,5.6667,73.0,83.32,76,100,20.98,overcast clouds
350,Ngorongoro,TZ,-3.2397,35.4875,52.7,83,39,3.83,scattered clouds
351,Kieta,PG,-6.2167,155.6333,79.18,83,100,1.79,overcast clouds
352,Mineiros,BR,-17.5694,-52.5511,85.5,40,43,9.93,scattered clouds
353,Lakhnadon,IN,22.6,79.6,98.33,17,71,7.47,broken clouds
354,Togur,RU,58.3631,82.8265,56.64,90,92,5.5,overcast clouds
355,Tautira,PF,-17.7333,-149.15,80.06,77,26,14.47,light rain
356,Kashi,CN,39.4547,75.9797,63.61,67,100,6.71,overcast clouds
357,Garissa,KE,-0.4536,39.6401,84.0,55,59,22.17,broken clouds
358,Vorukh,TJ,39.8494,70.5838,56.79,67,57,2.01,broken clouds
359,Trairi,BR,-3.2778,-39.2689,83.71,75,99,11.68,overcast clouds
360,Longkou,CN,37.6508,120.3286,58.15,51,0,12.39,clear sky
361,Lorengau,PG,-2.0226,147.2712,79.32,73,100,2.28,overcast clouds
362,Bastia,FR,42.6667,9.3333,71.4,71,0,4.61,clear sky
363,Teknaf,BD,20.8624,92.3058,82.42,86,42,5.84,scattered clouds
364,Santiago De Cuba,CU,20.0247,-75.8219,82.51,78,75,6.91,broken clouds
365,Newport,GB,51.5877,-2.9984,60.82,88,100,9.1,overcast clouds
366,Prieska,ZA,-29.6641,22.7474,64.17,18,0,6.87,clear sky
367,Bud,US,39.447,-86.1758,84.67,57,14,3.2,few clouds
368,Bintulu,MY,3.1667,113.0333,77.41,100,40,3.44,thunderstorm with light rain
369,Faya,SA,18.3851,42.4509,75.31,12,0,12.68,clear sky
370,Zyryanka,RU,65.75,150.85,27.59,93,100,8.19,overcast clouds
371,Chalus,IR,36.655,51.4204,63.86,94,0,2.3,clear sky
372,Kigoma,TZ,-4.8769,29.6267,76.15,72,29,5.03,scattered clouds
373,Kailua,US,21.4022,-157.7394,76.64,77,75,5.01,broken clouds
374,Rancho Palos Verdes,US,33.7445,-118.387,82.51,68,75,4.0,broken clouds
375,Araouane,ML,18.9048,-3.5265,102.27,5,6,10.04,clear sky
376,Otjimbingwe,NA,-22.35,16.1333,75.4,19,0,5.26,clear sky
377,Mahebourg,MU,-20.4081,57.7,73.69,94,40,5.75,scattered clouds
378,Ribeira Grande,PT,38.5167,-28.7,61.2,88,75,19.57,light rain
379,Sioux Lookout,CA,50.1001,-91.917,48.27,66,100,13.8,overcast clouds
380,Chapais,CA,49.7834,-74.8492,64.18,65,100,4.81,overcast clouds
381,Russkaya Polyana,UA,49.417,31.9201,55.69,65,74,9.66,broken clouds
382,Fort Nelson,CA,58.8053,-122.7002,47.79,66,40,6.91,scattered clouds
383,Neiba,DO,18.5,-71.4167,82.98,46,79,13.82,broken clouds
384,Christchurch,NZ,-43.5333,172.6333,51.94,94,100,3.44,overcast clouds
385,Luba,GQ,3.4568,8.5547,82.4,79,78,5.57,broken clouds
386,Dabakala,CI,8.3667,-4.4333,91.26,45,94,6.73,light rain
387,Slatina,RO,44.4333,24.3667,73.71,66,15,2.98,few clouds
388,Leopold,AU,-38.1833,144.4667,53.65,78,56,9.22,broken clouds
389,Nemuro,JP,43.3236,145.575,43.25,87,1,9.8,clear sky
390,Bergama,TR,39.1207,27.1805,70.18,62,21,1.39,few clouds
391,Saldus,LV,56.6636,22.4881,50.38,52,32,9.22,scattered clouds
392,Kindu,CD,-2.95,25.95,80.22,63,88,2.26,overcast clouds
393,Turka,UA,49.1541,23.0297,55.15,72,52,5.21,broken clouds
394,Marzuq,YE,14.4,46.4667,79.05,15,1,2.62,clear sky
395,Mitsamiouli,KM,-11.3847,43.2844,80.87,70,29,7.31,light rain
396,Comodoro Rivadavia,AR,-45.8667,-67.5,53.46,54,0,3.44,clear sky
397,Santa Engracia,ES,41.9406,-1.3245,84.81,31,72,17.69,broken clouds
398,Maldonado,UY,-34.6667,-54.9167,58.39,50,81,14.63,broken clouds
399,Baneh,IR,35.9975,45.8853,62.6,51,38,6.17,scattered clouds
400,Umm Lajj,SA,25.0213,37.2685,87.31,45,0,6.29,clear sky
401,Wilmington,US,34.2257,-77.9447,84.97,62,20,5.01,few clouds
402,Kasempa,ZM,-13.4584,25.8338,61.29,50,16,5.21,few clouds
403,Gaya,IN,24.7833,85.0,93.11,59,0,6.91,haze
404,Vanavara,RU,60.34,102.2797,52.52,63,73,4.12,broken clouds
405,Byron Bay,AU,-28.65,153.6167,70.72,95,22,5.99,few clouds
406,Gold Coast,AU,-28.0,153.4333,72.0,97,1,0.0,clear sky
407,Ostrovnoy,RU,68.0531,39.5131,37.18,83,52,8.1,broken clouds
408,Valle Nacional,MX,17.7833,-96.3167,92.48,40,24,4.72,few clouds
409,Bonthe,SL,7.5264,-12.505,85.44,70,86,10.47,overcast clouds
410,Hope,US,33.6671,-93.5916,87.98,56,22,5.44,few clouds
411,Petilia Policastro,IT,39.1139,16.7855,73.29,63,14,3.29,few clouds
412,Dali,CN,25.7,100.1833,59.11,94,82,3.76,broken clouds
413,Yulara,AU,-25.2406,130.9889,58.05,50,0,9.33,clear sky
414,Namie,JP,37.4833,141.0,53.71,76,100,3.09,overcast clouds
415,Constantine,DZ,36.365,6.6147,83.61,30,40,9.22,scattered clouds
416,Ambovombe,MG,-25.1667,46.0833,70.93,77,0,15.82,clear sky
417,Ust-Ishim,RU,57.6935,71.1665,56.34,59,88,5.3,overcast clouds
418,Cotacachi,EC,0.3,-78.2667,69.35,66,81,3.09,light rain
419,Jega,NG,12.2175,4.3792,96.78,32,43,8.68,scattered clouds
420,Bahia Honda,CU,22.9036,-83.1592,84.06,60,13,10.42,few clouds
421,Buraydah,SA,26.326,43.975,91.85,10,0,7.4,clear sky
422,Vung Tau,VN,10.346,107.0843,84.24,79,84,9.26,broken clouds
423,Sao Joao Da Barra,BR,-21.6403,-41.0511,80.69,71,32,14.09,scattered clouds
424,Luanda,AO,-8.8368,13.2343,77.56,82,7,10.94,clear sky
425,Ialibu,PG,-6.2821,143.9935,55.65,98,100,1.95,overcast clouds
426,Canavieiras,BR,-15.675,-38.9472,75.16,87,100,5.03,overcast clouds
427,Sedalia,US,38.7045,-93.2283,62.51,88,100,10.36,overcast clouds
428,Havre-Saint-Pierre,CA,50.2334,-63.5986,44.96,61,0,17.27,clear sky
429,Matara,LK,5.9485,80.5353,78.62,90,89,9.86,overcast clouds
430,Victor Harbor,AU,-35.5667,138.6167,57.0,85,50,15.41,light rain
431,Magaria,NE,12.9983,8.9099,101.19,7,50,11.99,scattered clouds
432,Petropavlovsk-Kamchatskiy,RU,53.0452,158.6483,36.19,100,100,13.42,light intensity shower rain
433,Henties Bay,NA,-22.116,14.2845,63.61,65,1,7.87,clear sky
434,Stavern,NO,59.0,10.0333,65.32,80,35,9.19,scattered clouds
435,Ulaanbaatar,MN,47.9077,106.8832,35.73,44,0,0.0,clear sky
436,Luganville,VU,-15.5333,167.1667,77.49,80,97,10.11,overcast clouds
437,Karla,EE,59.3723,24.9275,49.96,53,0,18.41,clear sky
438,Olafsvik,IS,64.8945,-23.7142,46.71,94,100,13.58,overcast clouds
439,Senanga,ZM,-16.1167,23.2667,69.84,39,25,5.95,scattered clouds
440,Morant Bay,JM,17.8815,-76.4093,88.72,75,100,12.46,overcast clouds
441,Fukue,JP,32.6881,128.8419,61.68,57,100,11.05,overcast clouds
442,Talnakh,RU,69.4865,88.3972,36.73,98,100,11.03,overcast clouds
443,Quang Ngai,VN,15.1167,108.8,76.71,92,100,5.3,overcast clouds
444,Egvekinot,RU,66.3167,-179.1667,27.16,92,97,5.39,overcast clouds
445,Port Augusta,AU,-32.5,137.7667,55.67,81,0,1.48,clear sky
446,Anchorage,US,61.2181,-149.9003,45.55,59,0,5.75,clear sky
447,Mount Pleasant,US,32.7941,-79.8626,87.98,59,20,8.05,few clouds
448,Kollam,IN,8.8833,76.6,78.53,89,100,11.03,moderate rain
449,Lebedinyy,RU,58.5167,125.5167,16.54,92,74,2.53,broken clouds
450,Asosa,ET,10.0667,34.5333,63.72,85,100,1.32,overcast clouds
451,Labuan,MY,5.2767,115.2417,80.96,94,20,0.0,few clouds
452,Escanaba,US,45.7453,-87.0646,68.97,52,20,12.66,few clouds
453,Lata,PT,40.1629,-8.3327,71.89,45,98,12.46,overcast clouds
454,Kuliyapitiya,LK,7.4688,80.0401,78.48,92,84,7.61,broken clouds
455,Mehtar Lam,AF,34.6714,70.2094,81.61,25,15,9.13,few clouds
456,Pietersburg,ZA,-23.9045,29.4688,59.85,67,0,8.05,clear sky
457,Promyshlennyy,RU,67.5833,63.9167,46.38,84,90,5.73,overcast clouds
458,Bisira,PA,8.5196,-81.7115,69.64,80,71,0.89,broken clouds
459,Wad Rawah,SD,15.1603,33.1397,104.22,8,3,8.81,clear sky
460,Saldanha,ZA,-33.0117,17.9442,60.85,72,0,11.59,clear sky
461,Semiluki,RU,51.6853,39.0279,52.25,76,0,2.24,clear sky
462,Kencong,ID,-8.2833,113.3667,77.49,85,63,2.08,broken clouds
463,Olot,ES,42.181,2.4901,81.54,26,7,4.0,clear sky
464,Vaitape,PF,-16.5167,-151.75,80.33,63,20,6.85,few clouds
465,Turkmenabat,TM,39.0733,63.5786,75.18,31,0,4.61,clear sky
466,Arlit,NE,18.7369,7.3853,101.86,9,3,9.37,clear sky
467,Sydney,AU,-33.8679,151.2073,60.39,78,20,10.36,few clouds
468,Malanje,AO,-9.5402,16.341,70.11,59,18,1.43,few clouds
469,Kokkola,FI,63.8385,23.1307,51.96,60,0,6.91,clear sky
470,Tupik,RU,54.4253,119.9327,33.89,73,27,2.3,scattered clouds
471,Mitu,CO,1.1983,-70.1733,84.11,74,98,0.69,overcast clouds
472,Sao Felix Do Xingu,BR,-6.6447,-51.995,84.94,67,96,3.83,overcast clouds
473,Oktyabrskiy,RU,54.4815,53.471,52.63,83,79,4.5,light rain
474,Little Chute,US,44.28,-88.3184,72.52,35,40,5.01,scattered clouds
475,Fortuna,US,40.5982,-124.1573,63.93,90,75,5.75,broken clouds
476,Nouadhibou,MR,20.931,-17.0347,80.58,54,100,18.41,sand
477,Kununurra,AU,-15.7667,128.7333,71.58,88,1,0.0,clear sky
478,Nacala,MZ,-14.5428,40.6728,72.52,79,18,7.29,few clouds
479,Port Hawkesbury,CA,45.6169,-61.3485,63.9,71,100,10.36,overcast clouds
480,Gao,ML,16.6362,1.637,95.47,25,76,11.86,light rain
481,Asau,RO,46.4333,26.4,67.12,60,99,4.25,overcast clouds
482,Rapid City,US,44.0805,-103.231,67.08,38,0,13.8,clear sky
483,Glarus,CH,47.0406,9.068,76.46,81,90,4.92,overcast clouds
484,Kawalu,ID,-7.3817,108.2082,73.94,98,50,1.23,scattered clouds
485,Kade,DE,52.3833,12.2667,66.97,52,1,6.22,clear sky
486,Shimoda,JP,34.6667,138.95,58.1,81,100,2.68,light rain
487,Winslow,US,35.0242,-110.6974,75.38,6,0,0.0,clear sky
488,Horki,BY,54.2861,30.9842,49.53,69,48,14.47,scattered clouds
489,Yenagoa,NG,4.9247,6.2642,81.9,84,78,5.91,moderate rain
490,Jibuti,DJ,11.5,42.5,89.55,19,0,7.74,clear sky
491,Ancud,CL,-41.8697,-73.8203,53.42,63,72,9.86,broken clouds
492,Vila,PT,42.0304,-8.1588,55.71,73,97,11.83,overcast clouds
493,Tilaran,CR,10.4703,-84.9671,84.22,58,85,9.44,overcast clouds
494,Valdivia,CL,-39.8142,-73.2459,46.49,46,64,4.52,broken clouds
495,Catia La Mar,VE,10.6038,-67.0303,94.98,66,40,2.3,scattered clouds
496,Tamiahua,MX,21.2667,-97.45,84.76,62,89,9.42,overcast clouds
497,Boa Vista,BR,2.8197,-60.6733,87.78,58,75,6.91,light rain
498,Shache,CN,38.4167,77.2406,67.23,45,100,21.12,overcast clouds
499,Baghdad,IQ,33.3406,44.4009,89.51,29,0,0.0,clear sky
500,Roebourne,AU,-20.7833,117.1333,76.08,56,1,7.83,clear sky
501,Hirado,JP,33.3597,129.5531,56.39,64,100,7.29,overcast clouds
502,Pahrump,US,36.2083,-115.9839,87.85,5,26,1.01,scattered clouds
503,Puerto Carreno,CO,6.189,-67.4859,91.49,51,88,4.85,overcast clouds
504,Port Blair,IN,11.6667,92.75,80.64,83,75,6.91,mist
505,Yantai,CN,37.5333,121.4,56.71,49,1,11.03,clear sky
506,Aykhal,RU,66.0,111.5,35.89,90,100,4.07,overcast clouds
507,Puerto El Triunfo,SV,13.2833,-88.55,91.42,46,81,9.31,broken clouds
508,Manitouwadge,CA,49.1215,-85.8403,60.01,45,20,16.24,few clouds
509,Evanston,US,42.0411,-87.6901,78.35,39,100,9.22,overcast clouds
510,La Ronge,CA,55.1001,-105.2842,41.25,70,100,13.8,overcast clouds
511,Puerto Leguizamo,CO,-0.1934,-74.7819,80.15,82,89,3.91,overcast clouds
512,Williston,US,48.147,-103.618,64.81,35,1,11.01,clear sky
513,Istisu,AZ,40.9457,48.0738,56.07,53,6,4.43,clear sky
514,Praia,CV,14.9215,-23.5087,88.34,35,0,27.63,clear sky
515,Griffith,US,41.5284,-87.4237,80.1,47,0,11.5,clear sky
516,San Francisco De Macoris,DO,19.2952,-70.2554,86.68,40,93,12.1,overcast clouds
517,Khokhryaki,RU,56.9156,53.3221,55.06,60,67,4.54,broken clouds
518,Port Lincoln,AU,-34.7333,135.8667,59.32,69,60,16.44,broken clouds
519,Port-Gentil,GA,-0.7193,8.7815,84.16,84,40,9.22,scattered clouds
520,Mayo,US,38.8876,-76.5119,80.13,88,100,7.0,overcast clouds
521,Canton,CN,23.1167,113.25,68.88,85,100,10.49,overcast clouds
522,Turinskaya Sloboda,RU,57.6232,64.3858,51.89,76,87,5.41,light rain
523,Rongcheng,CN,30.634,117.8517,60.28,63,100,3.47,overcast clouds
524,Olinda,BR,-8.0089,-34.8553,83.93,74,40,10.36,scattered clouds
525,Odweyne,SO,9.4092,45.064,84.61,21,19,7.0,few clouds
526,Kampot,KH,10.6167,104.1833,86.05,86,71,6.64,light rain
527,Aleksandrovskiy Zavod,RU,50.9237,117.9374,42.75,49,42,4.16,scattered clouds
528,Orlik,RU,52.5178,99.825,47.28,40,92,2.55,overcast clouds
529,Bom Jesus Da Lapa,BR,-13.255,-43.4181,92.1,30,100,1.83,overcast clouds
530,Ponta Pora,BR,-22.5361,-55.7256,60.71,88,100,6.91,overcast clouds
531,Mount Isa,AU,-20.7333,139.5,62.37,72,0,5.75,clear sky
532,Qixingtai,CN,30.4135,111.8874,58.39,67,80,5.23,broken clouds
533,Tigil,RU,57.8,158.6667,39.02,84,100,8.61,overcast clouds
534,Dongsheng,CN,39.8161,109.9776,51.35,18,2,10.89,clear sky
535,Progreso,MX,21.2833,-89.6667,87.91,54,0,10.87,clear sky
536,Salina Cruz,MX,16.1667,-95.2,94.93,35,35,11.7,scattered clouds
537,Koumac,NC,-20.5667,164.2833,72.45,80,55,4.61,broken clouds
538,Wenchi,GH,7.7392,-2.1046,89.47,48,89,5.86,overcast clouds
539,Grinnell,US,41.743,-92.7224,69.66,58,75,5.75,broken clouds
540,Naze,JP,28.3667,129.4833,59.92,86,100,13.58,moderate rain
541,Lac Du Bonnet,CA,50.2536,-96.0612,44.06,70,100,11.48,overcast clouds
542,Yei,SS,4.095,30.6779,69.82,92,83,5.48,light rain
543,Tabou,CI,4.423,-7.3528,82.63,79,100,7.83,overcast clouds
544,Kodinsk,RU,58.6881,99.1844,53.6,61,41,1.43,scattered clouds
545,Luoyang,CN,34.6836,112.4536,61.74,31,10,6.26,clear sky
546,Ketchikan,US,55.3422,-131.6461,46.38,93,100,3.0,moderate rain
547,Fare,PF,-16.7,-151.0167,79.52,70,28,3.56,scattered clouds
548,Geraldton,AU,-28.7667,114.6,54.01,87,4,8.05,clear sky
549,Sisimiut,GL,66.9395,-53.6735,31.12,50,0,7.78,clear sky
550,Serebryanyy Bor,RU,56.8,124.8,24.51,96,98,4.47,overcast clouds
551,Zaysan,KZ,47.4667,84.8667,61.36,54,100,8.3,overcast clouds
552,Amuntai,ID,-2.4177,115.2494,75.0,97,41,0.65,scattered clouds
553,Tukrah,LY,32.5341,20.5791,68.85,60,0,5.26,clear sky
554,Tigre,AR,-34.426,-58.5796,59.27,37,0,16.11,clear sky
555,Zeya,RU,53.75,127.2667,34.45,47,76,8.32,broken clouds
556,Fonte Boa,BR,-2.4959,-66.2662,79.88,94,100,2.3,moderate rain
557,Abalak,RU,58.1286,68.5944,54.54,66,73,5.44,light rain
558,Huarmey,PE,-10.0681,-78.1522,68.79,72,49,9.51,scattered clouds
559,Anloga,GH,5.7947,0.8973,83.93,72,62,11.43,broken clouds
560,Vilyuysk,RU,63.7553,121.6247,24.13,92,23,4.88,few clouds
561,Tual,ID,-5.6667,132.75,82.17,75,90,6.49,light rain
562,Saint-Joseph,RE,-21.3667,55.6167,70.18,75,20,10.54,few clouds
563,Andra,RU,62.5147,65.8878,51.33,72,79,6.87,broken clouds
564,Kuching,MY,1.55,110.3333,79.02,94,20,1.99,few clouds
565,Nishihara,JP,26.1842,127.7558,67.28,83,100,12.66,overcast clouds
566,Hilton Head Island,US,32.2163,-80.7526,87.1,74,40,9.22,scattered clouds
567,Magadan,RU,59.5667,150.8,38.53,97,100,21.65,overcast clouds
568,Maningrida,AU,-12.0667,134.2667,74.97,88,8,5.44,clear sky
569,Shakiso,ET,5.75,38.9167,59.05,97,92,3.02,light rain
570,Gariaband,IN,20.635,82.0614,89.91,37,100,5.14,overcast clouds
571,Yar-Sale,RU,66.8333,70.8333,38.62,97,100,9.93,overcast clouds
572,Kommunar,RU,59.6206,30.39,52.52,64,62,10.0,broken clouds
573,Kimbe,PG,-5.5502,150.1429,76.44,92,80,3.13,broken clouds
574,Iranshahr,IR,27.2025,60.6848,88.14,11,0,6.91,clear sky
575,Saint-Paul,RE,-21.0096,55.2707,73.49,78,62,0.09,light rain
576,Candolim,IN,15.5181,73.7626,84.2,84,75,9.22,broken clouds
577,Vanimo,PG,-2.6741,141.3028,79.47,80,88,2.35,overcast clouds
578,Tarakan,ID,3.3,117.6333,81.82,78,33,3.94,moderate rain
579,Yumen,CN,40.2833,97.2,54.19,11,40,10.58,scattered clouds
580,Kamaishi,JP,39.2667,141.8833,48.65,71,100,7.07,overcast clouds
581,Lazaro Cardenas,MX,17.9583,-102.2,86.86,50,61,7.25,broken clouds
582,Karasjok,NO,69.4719,25.5112,37.08,100,100,4.32,overcast clouds
583,Ahipara,NZ,-35.1667,173.1667,64.45,88,97,11.32,overcast clouds
584,Jizan,SA,17.3333,42.6667,88.74,57,0,2.19,clear sky
585,Les Cayes,HT,18.2,-73.75,83.68,67,98,13.04,overcast clouds
586,Skibbereen,IE,51.55,-9.2667,57.11,94,95,12.28,overcast clouds
587,Shwebo,MM,22.5667,95.7,82.29,71,100,4.94,light rain
588,Cap Malheureux,MU,-19.9842,57.6142,72.46,81,15,3.0,few clouds
589,Ewa Beach,US,21.3156,-158.0072,76.59,73,40,5.75,scattered clouds
590,Tommot,RU,58.9564,126.2925,21.96,97,97,2.44,overcast clouds
591,Spornoye,RU,50.8448,37.2913,47.71,91,37,8.19,scattered clouds
592,Flin Flon,CA,54.7682,-101.865,39.04,70,100,13.8,overcast clouds
593,Winneba,GH,5.3511,-0.6231,81.91,78,28,10.18,scattered clouds
594,Vila Velha,BR,-20.3297,-40.2925,78.75,69,75,8.05,broken clouds
595,Poum,NC,-20.2333,164.0167,76.08,73,45,17.58,scattered clouds
596,Sept-Iles,CA,50.2001,-66.3821,51.06,56,75,20.71,broken clouds
597,Mortka,RU,59.3322,66.0214,49.26,86,99,5.57,light rain
598,Paamiut,GL,61.994,-49.6678,32.27,67,11,15.32,few clouds
599,Deputatskiy,RU,69.3,139.9,11.86,97,100,4.16,overcast clouds
600,Honningsvag,NO,70.9821,25.9704,40.75,87,75,10.36,broken clouds
601,Emba,KZ,48.8264,58.1442,62.02,51,32,12.01,scattered clouds
602,Okha,RU,53.5739,142.9478,34.43,93,100,13.65,overcast clouds
603,Saint-Marc,HT,19.1082,-72.6938,83.84,58,93,5.86,overcast clouds
604,Gangtok,IN,27.3333,88.6167,62.11,90,93,1.99,overcast clouds
605,Ouadda,CF,8.0777,22.4007,74.21,64,76,3.04,broken clouds
606,Beloha,MG,-25.1667,45.05,68.67,76,0,11.16,clear sky
607,Ypsonas,CY,34.6884,32.9574,67.05,82,20,20.71,few clouds
608,Cam Ranh,VN,11.9214,109.1591,80.56,83,20,0.0,few clouds
609,Innisfail,AU,-17.5333,146.0333,68.77,86,25,4.23,scattered clouds
610,Gravelbourg,CA,49.8834,-106.5512,61.07,36,2,12.59,clear sky
611,Hereford,GB,52.0568,-2.7148,62.2,88,100,6.64,overcast clouds
612,Belmonte,BR,-15.8631,-38.8828,75.9,79,100,7.7,overcast clouds
613,Tokur,RU,53.1333,132.9,21.31,94,100,0.85,overcast clouds
614,Nalut,LY,30.3333,10.85,82.4,13,2,5.53,clear sky
615,Gouyave,GD,12.1646,-61.7296,84.97,70,20,24.16,few clouds
616,Calamar,CO,10.2511,-74.9146,90.21,59,93,2.37,overcast clouds
617,Murgab,TM,37.4966,61.9714,73.27,49,0,0.0,clear sky
618,Tura,IN,25.5198,90.2201,72.63,95,68,3.27,broken clouds
619,Ajaccio,FR,42.0,8.9167,66.25,64,0,9.22,clear sky
620,Cabedelo,BR,-6.9811,-34.8339,84.87,80,99,9.93,overcast clouds
621,Kuala Lipis,MY,4.1842,102.0468,74.43,100,96,1.61,overcast clouds
622,Niksar,TR,40.5917,36.9517,57.58,83,100,2.46,overcast clouds
623,Port Moresby,PG,-9.4431,147.1797,74.98,88,29,2.55,scattered clouds
624,Winnemucca,US,40.973,-117.7357,71.65,30,0,10.36,clear sky
625,Viedma,AR,-40.8135,-62.9967,55.6,67,100,23.22,overcast clouds
626,Sao Geraldo Do Araguaia,BR,-6.4006,-48.555,80.91,89,93,3.78,light rain
627,Doka,SD,13.5167,35.7667,91.94,29,36,11.95,scattered clouds
628,Sakakah,SA,29.9697,40.2064,98.17,11,52,10.42,broken clouds
629,San Vicente,AR,-26.6167,-54.1333,63.84,78,84,3.96,broken clouds
630,Anadyr,RU,64.75,177.4833,36.1,87,0,8.95,clear sky
631,Kachug,RU,53.9606,105.8817,50.58,43,64,2.68,broken clouds
632,Matamoros,MX,25.5333,-103.25,86.11,26,0,4.61,clear sky
633,San Francisco Del Mar,MX,16.2333,-94.65,92.37,44,33,5.3,scattered clouds
634,Bayan,CN,46.0833,127.4,44.51,30,20,6.67,few clouds
635,Mount Darwin,ZW,-16.7725,31.5838,59.95,49,0,3.91,clear sky
636,Bruchsal,DE,49.1281,8.5836,80.37,62,31,7.94,scattered clouds
637,Terney,RU,45.0503,136.6092,44.02,86,70,6.78,broken clouds
638,Chontalpa,MX,17.7,-93.5167,94.8,36,17,4.09,few clouds
639,Nizwa,OM,22.9333,57.5333,84.49,16,0,3.0,clear sky
640,Prince Rupert,CA,54.3161,-130.3201,47.89,84,100,17.27,light rain
641,Freeport,US,40.6576,-73.5832,78.31,75,40,11.5,scattered clouds
642,Nagai,JP,38.1036,140.035,45.84,67,97,1.57,overcast clouds
643,Tankhoy,RU,51.5528,105.1306,48.81,55,24,5.53,few clouds
644,Arman,RU,59.7,150.1667,39.02,95,100,13.09,overcast clouds
645,Ballina,AU,-28.8667,153.5667,70.79,95,18,5.17,few clouds
646,Tomatlan,MX,19.9333,-105.25,94.37,23,36,8.97,scattered clouds
647,Grafton,US,42.207,-71.6856,76.15,72,75,4.61,light rain
648,Katherine,AU,-14.4667,132.2667,64.72,63,0,6.91,clear sky
649,Tobermory,CA,45.2501,-81.6665,42.4,96,98,12.12,overcast clouds
650,Puli,TW,23.9664,120.9695,65.21,96,100,0.49,moderate rain
651,Mehamn,NO,71.0357,27.8492,39.11,86,79,8.66,broken clouds
652,Abu Dhabi,AE,24.4667,54.3667,82.51,76,0,8.05,clear sky
653,Floro,NO,61.5996,5.0328,51.87,82,40,6.91,scattered clouds
654,Fujin,CN,47.26,132.0322,42.71,62,25,9.28,scattered clouds
655,Nyrob,RU,60.733,56.7202,45.66,91,40,3.8,scattered clouds
656,Lae,PG,-6.7221,146.9847,76.33,91,100,4.12,overcast clouds
657,Corn Island,NI,12.1694,-83.0418,82.49,76,90,12.95,overcast clouds
658,Manta,EC,-0.95,-80.7333,82.18,78,100,4.61,overcast clouds
659,Polyarnyy,RU,69.1989,33.4478,46.69,69,19,7.56,few clouds
660,Kampong Thum,KH,12.7111,104.8887,80.58,87,96,2.82,moderate rain
661,Kenai,US,60.5544,-151.2583,50.02,52,0,4.61,clear sky
662,West Wendover,US,40.7391,-114.0733,67.21,32,0,0.0,clear sky
663,Hervey Bay,AU,-25.2986,152.8535,71.02,97,84,4.0,broken clouds
664,Flinders,AU,-34.5833,150.8552,59.05,83,0,7.85,clear sky
665,Kasungu,MW,-13.0333,33.4833,61.34,65,19,5.66,few clouds
666,Dunda,TZ,-8.1167,34.25,68.97,65,84,5.86,broken clouds
667,Horsham,GB,51.064,-0.3272,65.95,82,0,9.22,clear sky
668,Los Llanos De Aridane,ES,28.6585,-17.9182,69.55,81,20,4.61,few clouds
669,General Roca,AR,-39.0333,-67.5833,59.63,27,0,4.59,clear sky
670,Port Lavaca,US,28.615,-96.6261,91.31,48,40,10.36,scattered clouds
671,Sukhobezvodnoye,RU,57.0491,44.8891,45.03,89,41,5.19,scattered clouds
672,Sakaiminato,JP,35.55,133.2333,55.38,88,75,4.61,broken clouds
673,Porterville,US,36.0652,-119.0168,87.75,39,0,7.45,clear sky
674,Seymchan,RU,62.8833,152.4333,34.39,91,100,6.58,overcast clouds
675,Roald,NO,62.5833,6.1333,52.72,66,0,8.05,clear sky
676,Ilo,PE,-17.6394,-71.3375,67.48,71,39,8.08,scattered clouds
677,Chipiona,ES,36.7366,-6.437,75.38,78,20,11.5,few clouds
678,Mangrol,IN,21.1167,70.1167,83.53,78,0,13.11,clear sky
679,Ambon,ID,-3.6954,128.1814,75.34,94,40,2.3,scattered clouds
680,Banda Aceh,ID,5.5577,95.3222,81.75,82,63,12.71,broken clouds
681,Minab,IR,27.1467,57.0801,98.92,10,0,6.91,haze
682,Isangel,VU,-19.55,169.2667,74.57,80,40,11.36,scattered clouds
683,Alihe,CN,50.5667,123.7167,35.8,51,56,3.94,broken clouds
684,Baijiantan,CN,45.6333,85.1833,69.85,43,100,26.37,moderate rain
685,Caldwell,US,43.6629,-116.6874,73.44,40,0,20.71,clear sky
686,Sarangani,PH,5.4033,125.4636,80.42,80,100,9.73,overcast clouds
687,Nyurba,RU,63.2842,118.3319,31.93,82,78,4.5,broken clouds
688,Boueni,YT,-12.9025,45.0761,78.78,63,2,10.36,clear sky
689,Riwaka,NZ,-41.0833,173.0,59.0,96,100,2.66,light rain
690,Turbat,PK,26.0023,63.044,91.44,17,0,5.66,clear sky
691,Inhambane,MZ,-23.865,35.3833,71.58,88,20,6.91,few clouds
692,Garowe,SO,8.4054,48.4845,84.9,45,41,22.79,scattered clouds
693,Bardiyah,LY,31.7561,25.0865,67.64,74,0,8.41,clear sky
694,Mianyang,CN,31.4593,104.7542,59.05,77,46,1.81,scattered clouds
695,Akureyri,IS,65.6835,-18.0878,58.93,51,75,14.97,broken clouds
696,Hit,IQ,33.6416,42.8251,91.26,15,10,11.41,clear sky
697,Kumta,IN,14.4167,74.4,82.8,81,100,10.36,overcast clouds
698,Latung,PH,5.5,120.8833,82.4,79,79,5.12,broken clouds
699,Taoudenni,ML,22.6783,-3.9836,102.52,4,43,19.04,scattered clouds
700,Santa Cruz,BO,-17.8,-63.1667,78.85,50,75,20.71,broken clouds
701,Upata,VE,8.0086,-62.3989,84.06,65,100,7.67,overcast clouds
702,Napa,US,38.4832,-122.3344,82.56,40,19,5.82,few clouds
703,Deloraine,AU,-41.5333,146.6667,50.36,50,84,9.15,broken clouds
704,Caucaia,BR,-3.7361,-38.6531,85.95,73,20,17.27,few clouds
705,Kungurtug,RU,50.5994,97.5228,47.16,44,18,1.9,few clouds
706,Komsomolskiy,UZ,40.4272,71.7189,63.32,77,72,0.0,broken clouds
707,Dhidhdhoo,MV,6.8833,73.1,81.48,81,100,24.02,overcast clouds
